{
  "model": "qwen",
  "method": "lora",
  "seed": 42,
  "R_matrix": [
    [
      0.952,
      0.0,
      0.0,
      0.0
    ],
    [
      0.938,
      0.3563218390804598,
      0.0,
      0.0
    ],
    [
      0.906,
      0.6258823529411764,
      0.412369542789089,
      0.0
    ],
    [
      0.86,
      0.6960352422907489,
      0.3462704358605936,
      0.828
    ]
  ],
  "average_accuracy": 0.6825764195378355,
  "forgetting": 0.029315405859640986,
  "backward_transfer": 0.0605380987605979,
  "timing_per_task": {
    "sst2": 2813.229147195816,
    "mrpc": 2839.866886138916,
    "cola": 2817.4730229377747,
    "mnli": 2831.456484556198
  },
  "memory_per_task": {
    "sst2": 12.645096448,
    "mrpc": 12.645096448,
    "cola": 12.645096448,
    "mnli": 12.645096448
  },
  "total_time_s": 11302.025540828705,
  "peak_mem_gb": 12.645096448,
  "hparams": {
    "lr": 0.0002,
    "batch_size": 8,
    "max_seq_len": 256,
    "epochs": 2,
    "n_train": 2000,
    "ewc_lambda": 500.0,
    "replay_buffer_size": 200,
    "olora_mu": 0.1,
    "mmr_replay_ratio": 0.06,
    "quantize": true
  }
}